Times,TimeBnds,TimeBndsNeg,Fluxes,FluxErrs,FluxErrsNeg
996.271,2825.088,-541.431,3.33303995914753e-06,4.68921211291702e-07,-4.68921211291702e-07
21165.595,268.514,-227.931,1.0613479248929e-07,2.14993859187095e-08,-2.14993859187095e-08
58331.117,11015.071,-12767.963,3.69118170259127e-08,8.64743564358987e-09,-8.64743564358987e-09
105227.646,55026.114,-31016.781,1.59637396076744e-08,2.97140727831451e-09,-2.97140727831451e-09
362670.921,171305.323,-127275.427,2.20491749123368e-09,7.13427366281649e-10,-7.13427366281649e-10
